{
    "name": "root",
    "gauges": {
        "Behavior_K.Policy.Entropy.mean": {
            "value": 1.426110029220581,
            "min": 1.426110029220581,
            "max": 1.426110029220581,
            "count": 1
        },
        "Behavior_K.Policy.Entropy.sum": {
            "value": 28522.201171875,
            "min": 28522.201171875,
            "max": 28522.201171875,
            "count": 1
        },
        "Behavior_K.Step.mean": {
            "value": 19000.0,
            "min": 19000.0,
            "max": 19000.0,
            "count": 1
        },
        "Behavior_K.Step.sum": {
            "value": 19000.0,
            "min": 19000.0,
            "max": 19000.0,
            "count": 1
        },
        "Behavior_K.Policy.ExtrinsicValueEstimate.mean": {
            "value": -0.11694906651973724,
            "min": -0.11694906651973724,
            "max": -0.11694906651973724,
            "count": 1
        },
        "Behavior_K.Policy.ExtrinsicValueEstimate.sum": {
            "value": -2.222032308578491,
            "min": -2.222032308578491,
            "max": -2.222032308578491,
            "count": 1
        },
        "Behavior_K.Losses.PolicyLoss.mean": {
            "value": 0.06723425524240291,
            "min": 0.06723425524240291,
            "max": 0.06723425524240291,
            "count": 1
        },
        "Behavior_K.Losses.PolicyLoss.sum": {
            "value": 0.6051082971816262,
            "min": 0.6051082971816262,
            "max": 0.6051082971816262,
            "count": 1
        },
        "Behavior_K.Losses.ValueLoss.mean": {
            "value": 0.0028803771023062216,
            "min": 0.0028803771023062216,
            "max": 0.0028803771023062216,
            "count": 1
        },
        "Behavior_K.Losses.ValueLoss.sum": {
            "value": 0.025923393920755995,
            "min": 0.025923393920755995,
            "max": 0.025923393920755995,
            "count": 1
        },
        "Behavior_K.Policy.LearningRate.mean": {
            "value": 0.000297000001,
            "min": 0.000297000001,
            "max": 0.000297000001,
            "count": 1
        },
        "Behavior_K.Policy.LearningRate.sum": {
            "value": 0.002673000009,
            "min": 0.002673000009,
            "max": 0.002673000009,
            "count": 1
        },
        "Behavior_K.Policy.Epsilon.mean": {
            "value": 0.19899999999999998,
            "min": 0.19899999999999998,
            "max": 0.19899999999999998,
            "count": 1
        },
        "Behavior_K.Policy.Epsilon.sum": {
            "value": 1.791,
            "min": 1.791,
            "max": 1.791,
            "count": 1
        },
        "Behavior_K.Policy.Beta.mean": {
            "value": 0.0198001,
            "min": 0.0198001,
            "max": 0.0198001,
            "count": 1
        },
        "Behavior_K.Policy.Beta.sum": {
            "value": 0.17820090000000002,
            "min": 0.17820090000000002,
            "max": 0.17820090000000002,
            "count": 1
        },
        "Behavior_K.Environment.EpisodeLength.mean": {
            "value": 4999.0,
            "min": 4999.0,
            "max": 4999.0,
            "count": 1
        },
        "Behavior_K.Environment.EpisodeLength.sum": {
            "value": 19996.0,
            "min": 19996.0,
            "max": 19996.0,
            "count": 1
        },
        "Behavior_K.Environment.CumulativeReward.mean": {
            "value": -34.919480323791504,
            "min": -34.919480323791504,
            "max": -34.919480323791504,
            "count": 1
        },
        "Behavior_K.Environment.CumulativeReward.sum": {
            "value": -104.75844097137451,
            "min": -104.75844097137451,
            "max": -104.75844097137451,
            "count": 1
        },
        "Behavior_K.Policy.ExtrinsicReward.mean": {
            "value": -34.919480323791504,
            "min": -34.919480323791504,
            "max": -34.919480323791504,
            "count": 1
        },
        "Behavior_K.Policy.ExtrinsicReward.sum": {
            "value": -104.75844097137451,
            "min": -104.75844097137451,
            "max": -104.75844097137451,
            "count": 1
        },
        "Behavior_K.IsTraining.mean": {
            "value": 1.0,
            "min": 1.0,
            "max": 1.0,
            "count": 1
        },
        "Behavior_K.IsTraining.sum": {
            "value": 1.0,
            "min": 1.0,
            "max": 1.0,
            "count": 1
        },
        "Behavior_G.Policy.Entropy.mean": {
            "value": 1.416867971420288,
            "min": 1.416867971420288,
            "max": 1.416867971420288,
            "count": 1
        },
        "Behavior_G.Policy.Entropy.sum": {
            "value": 28337.359375,
            "min": 28337.359375,
            "max": 28337.359375,
            "count": 1
        },
        "Behavior_G.Step.mean": {
            "value": 19000.0,
            "min": 19000.0,
            "max": 19000.0,
            "count": 1
        },
        "Behavior_G.Step.sum": {
            "value": 19000.0,
            "min": 19000.0,
            "max": 19000.0,
            "count": 1
        },
        "Behavior_G.Policy.ExtrinsicValueEstimate.mean": {
            "value": -0.009550042450428009,
            "min": -0.009550042450428009,
            "max": -0.009550042450428009,
            "count": 1
        },
        "Behavior_G.Policy.ExtrinsicValueEstimate.sum": {
            "value": -0.18145081400871277,
            "min": -0.18145081400871277,
            "max": -0.18145081400871277,
            "count": 1
        },
        "Behavior_G.Losses.PolicyLoss.mean": {
            "value": 0.0675606465909952,
            "min": 0.0675606465909952,
            "max": 0.0675606465909952,
            "count": 1
        },
        "Behavior_G.Losses.PolicyLoss.sum": {
            "value": 0.6080458193189568,
            "min": 0.6080458193189568,
            "max": 0.6080458193189568,
            "count": 1
        },
        "Behavior_G.Losses.ValueLoss.mean": {
            "value": 0.0005816018486638998,
            "min": 0.0005816018486638998,
            "max": 0.0005816018486638998,
            "count": 1
        },
        "Behavior_G.Losses.ValueLoss.sum": {
            "value": 0.0052344166379750985,
            "min": 0.0052344166379750985,
            "max": 0.0052344166379750985,
            "count": 1
        },
        "Behavior_G.Policy.LearningRate.mean": {
            "value": 0.000297000001,
            "min": 0.000297000001,
            "max": 0.000297000001,
            "count": 1
        },
        "Behavior_G.Policy.LearningRate.sum": {
            "value": 0.002673000009,
            "min": 0.002673000009,
            "max": 0.002673000009,
            "count": 1
        },
        "Behavior_G.Policy.Epsilon.mean": {
            "value": 0.19899999999999998,
            "min": 0.19899999999999998,
            "max": 0.19899999999999998,
            "count": 1
        },
        "Behavior_G.Policy.Epsilon.sum": {
            "value": 1.791,
            "min": 1.791,
            "max": 1.791,
            "count": 1
        },
        "Behavior_G.Policy.Beta.mean": {
            "value": 0.004950100000000001,
            "min": 0.004950100000000001,
            "max": 0.004950100000000001,
            "count": 1
        },
        "Behavior_G.Policy.Beta.sum": {
            "value": 0.044550900000000004,
            "min": 0.044550900000000004,
            "max": 0.044550900000000004,
            "count": 1
        },
        "Behavior_G.Environment.EpisodeLength.mean": {
            "value": 4999.0,
            "min": 4999.0,
            "max": 4999.0,
            "count": 1
        },
        "Behavior_G.Environment.EpisodeLength.sum": {
            "value": 19996.0,
            "min": 19996.0,
            "max": 19996.0,
            "count": 1
        },