{
    "name": "root",
    "gauges": {
        "Behavior_G.Policy.Entropy.mean": {
            "value": 1.3819085359573364,
            "min": 1.3776496648788452,
            "max": 1.4158679246902466,
            "count": 11
        },
        "Behavior_G.Policy.Entropy.sum": {
            "value": 27636.7890625,
            "min": 27552.994140625,
            "max": 29487.41015625,
            "count": 11
        },
        "Behavior_G.Step.mean": {
            "value": 219995.0,
            "min": 19000.0,
            "max": 219995.0,
            "count": 11
        },
        "Behavior_G.Step.sum": {
            "value": 219995.0,
            "min": 19000.0,
            "max": 219995.0,
            "count": 11
        },
        "Behavior_G.Policy.ExtrinsicValueEstimate.mean": {
            "value": -0.005076373927295208,
            "min": -0.09698015451431274,
            "max": 0.002882877830415964,
            "count": 11
        },
        "Behavior_G.Policy.ExtrinsicValueEstimate.sum": {
            "value": -0.10152748227119446,
            "min": -1.842622995376587,
            "max": 0.05765755474567413,
            "count": 11
        },
        "Behavior_G.Losses.PolicyLoss.mean": {
            "value": 0.06834139113107489,
            "min": 0.06400937811885443,
            "max": 0.0713470864151087,
            "count": 11
        },
        "Behavior_G.Losses.PolicyLoss.sum": {
            "value": 0.6834139113107489,
            "min": 0.6084999155874053,
            "max": 0.7412310789235763,
            "count": 11
        },
        "Behavior_G.Losses.ValueLoss.mean": {
            "value": 1.851179403346571e-05,
            "min": 1.851179403346571e-05,
            "max": 0.0038064538873107795,
            "count": 11
        },
        "Behavior_G.Losses.ValueLoss.sum": {
            "value": 0.00018511794033465711,
            "min": 0.00018511794033465711,
            "max": 0.034258084985797015,
            "count": 11
        },
        "Behavior_G.Policy.LearningRate.mean": {
            "value": 0.00023670140109954005,
            "min": 0.00023670140109954005,
            "max": 0.000297000001,
            "count": 11
        },
        "Behavior_G.Policy.LearningRate.sum": {
            "value": 0.0023670140109954005,
            "min": 0.0023670140109954005,
            "max": 0.0031350024549991994,
            "count": 11
        },
        "Behavior_G.Policy.Epsilon.mean": {
            "value": 0.17890046,
            "min": 0.17890046,
            "max": 0.19899999999999998,
            "count": 11
        },
        "Behavior_G.Policy.Epsilon.sum": {
            "value": 1.7890046000000002,
            "min": 1.7890046000000002,
            "max": 2.1450008000000005,
            "count": 11
        },
        "Behavior_G.Policy.Beta.mean": {
            "value": 0.0039471329539999996,
            "min": 0.0039471329539999996,
            "max": 0.004950100000000001,
            "count": 11
        },
        "Behavior_G.Policy.Beta.sum": {
            "value": 0.039471329539999996,
            "min": 0.039471329539999996,
            "max": 0.052255539919999996,
            "count": 11
        },
        "Behavior_G.Environment.EpisodeLength.mean": {
            "value": 4998.75,
            "min": 3998.75,
            "max": 4999.0,
            "count": 11
        },
        "Behavior_G.Environment.EpisodeLength.sum": {
            "value": 19995.0,
            "min": 15995.0,
            "max": 19996.0,
            "count": 11
        },
        "Behavior_G.Environment.CumulativeReward.mean": {
            "value": 0.0,
            "min": 0.0,
            "max": 0.0,
            "count": 11
        },
        "Behavior_G.Environment.CumulativeReward.sum": {
            "value": 0.0,
            "min": 0.0,
            "max": 0.0,
            "count": 11
        },
        "Behavior_G.Policy.ExtrinsicReward.mean": {
            "value": 0.0,
            "min": 0.0,
            "max": 0.0,
            "count": 11
        },
        "Behavior_G.Policy.ExtrinsicReward.sum": {
            "value": 0.0,
            "min": 0.0,
            "max": 0.0,
            "count": 11
        },
        "Behavior_G.IsTraining.mean": {
            "value": 1.0,
            "min": 1.0,
            "max": 1.0,
            "count": 11
        },
        "Behavior_G.IsTraining.sum": {
            "value": 1.0,
            "min": 1.0,
            "max": 1.0,
            "count": 11
        },
        "Behavior_K.Policy.Entropy.mean": {
            "value": 1.4999451637268066,
            "min": 1.417174220085144,
            "max": 1.4999451637268066,
            "count": 11
        },
        "Behavior_K.Policy.Entropy.sum": {
            "value": 29997.40234375,
            "min": 28343.484375,
            "max": 30536.716796875,
            "count": 11
        },
        "Behavior_K.Step.mean": {
            "value": 219995.0,
            "min": 19000.0,
            "max": 219995.0,
            "count": 11
        },
        "Behavior_K.Step.sum": {
            "value": 219995.0,
            "min": 19000.0,
            "max": 219995.0,
            "count": 11
        },
        "Behavior_K.Policy.ExtrinsicValueEstimate.mean": {
            "value": 0.00568025978282094,
            "min": 0.004292255733162165,
            "max": 0.06447255611419678,
            "count": 11
        },
        "Behavior_K.Policy.ExtrinsicValueEstimate.sum": {
            "value": 0.11360519379377365,
            "min": 0.08584511280059814,
            "max": 1.2249785661697388,
            "count": 11
        },
        "Behavior_K.Losses.PolicyLoss.mean": {
            "value": 0.06686097230865724,
            "min": 0.06365221496567958,
            "max": 0.07333322167396544,
            "count": 11
        },
        "Behavior_K.Losses.PolicyLoss.sum": {
            "value": 0.6686097230865724,
            "min": 0.6365221496567958,
            "max": 0.7343349067804714,
            "count": 11
        },
        "Behavior_K.Losses.ValueLoss.mean": {
            "value": 2.493335044502961e-06,
            "min": 2.493335044502961e-06,
            "max": 0.002435521863575851,
            "count": 11
        },
        "Behavior_K.Losses.ValueLoss.sum": {
            "value": 2.493335044502961e-05,
            "min": 2.493335044502961e-05,
            "max": 0.02191969677218266,
            "count": 11
        },
        "Behavior_K.Policy.LearningRate.mean": {
            "value": 0.00023670140109954005,
            "min": 0.00023670140109954005,
            "max": 0.000297000001,
            "count": 11
        },
        "Behavior_K.Policy.LearningRate.sum": {
            "value": 0.0023670140109954005,
            "min": 0.0023670140109954005,
            "max": 0.0031350024549991994,
            "count": 11
        },
        "Behavior_K.Policy.Epsilon.mean": {
            "value": 0.17890046,
            "min": 0.17890046,
            "max": 0.19899999999999998,
            "count": 11
        },
        "Behavior_K.Policy.Epsilon.sum": {
            "value": 1.7890046000000002,
            "min": 1.7890046000000002,
            "max": 2.1450008000000005,
            "count": 11
        },
        "Behavior_K.Policy.Beta.mean": {
            "value": 0.015782201954000003,
            "min": 0.015782201954000003,
            "max": 0.0198001,
            "count": 11
        },
        "Behavior_K.Policy.Beta.sum": {
            "value": 0.15782201954000002,
            "min": 0.15782201954000002,
            "max": 0.20900565992,
            "count": 11
        },
        "Behavior_K.Environment.EpisodeLength.mean": {
            "value": 4998.75,
            "min": 3998.75,
            "max": 4999.0,
            "count": 11
        },
        "Behavior_K.Environment.EpisodeLength.sum": {
            "value": 19995.0,
            "min": 15995.0,
            "max": 19996.0,
            "count": 11
        },