{
    "name": "root",
    "gauges": {
        "Behavior_K.Policy.Entropy.mean": {
            "value": 1.4218980073928833,
            "min": 1.4218980073928833,
            "max": 1.4218980073928833,
            "count": 1
        },
        "Behavior_K.Policy.Entropy.sum": {
            "value": 29468.8359375,
            "min": 29468.8359375,
            "max": 29468.8359375,
            "count": 1
        },
        "Behavior_K.Step.mean": {
            "value": 19725.0,
            "min": 19725.0,
            "max": 19725.0,
            "count": 1
        },
        "Behavior_K.Step.sum": {
            "value": 19725.0,
            "min": 19725.0,
            "max": 19725.0,
            "count": 1
        },
        "Behavior_K.Policy.ExtrinsicValueEstimate.mean": {
            "value": -0.06196412816643715,
            "min": -0.06196412816643715,
            "max": -0.06196412816643715,
            "count": 1
        },
        "Behavior_K.Policy.ExtrinsicValueEstimate.sum": {
            "value": -1.4251749515533447,
            "min": -1.4251749515533447,
            "max": -1.4251749515533447,
            "count": 1
        },
        "Behavior_K.Environment.EpisodeLength.mean": {
            "value": 1871.5,
            "min": 1871.5,
            "max": 1871.5,
            "count": 1
        },
        "Behavior_K.Environment.EpisodeLength.sum": {
            "value": 18715.0,
            "min": 18715.0,
            "max": 18715.0,
            "count": 1
        },
        "Behavior_K.Self-play.ELO.mean": {
            "value": 1199.004515608908,
            "min": 1199.004515608908,
            "max": 1199.004515608908,
            "count": 1
        },
        "Behavior_K.Self-play.ELO.sum": {
            "value": 9592.036124871263,
            "min": 9592.036124871263,
            "max": 9592.036124871263,
            "count": 1
        },
        "Behavior_K.Environment.CumulativeReward.mean": {
            "value": -6.318565893173218,
            "min": -6.318565893173218,
            "max": -6.318565893173218,
            "count": 1
        },
        "Behavior_K.Environment.CumulativeReward.sum": {
            "value": -63.18565893173218,
            "min": -63.18565893173218,
            "max": -63.18565893173218,
            "count": 1
        },
        "Behavior_K.Policy.ExtrinsicReward.mean": {
            "value": -6.318565893173218,
            "min": -6.318565893173218,
            "max": -6.318565893173218,
            "count": 1
        },
        "Behavior_K.Policy.ExtrinsicReward.sum": {
            "value": -63.18565893173218,
            "min": -63.18565893173218,
            "max": -63.18565893173218,
            "count": 1
        },
        "Behavior_K.Losses.PolicyLoss.mean": {
            "value": 0.07318933748058419,
            "min": 0.07318933748058419,
            "max": 0.07318933748058419,
            "count": 1
        },
        "Behavior_K.Losses.PolicyLoss.sum": {
            "value": 0.8050827122864261,
            "min": 0.8050827122864261,
            "max": 0.8050827122864261,
            "count": 1
        },
        "Behavior_K.Losses.ValueLoss.mean": {
            "value": 0.17205103370724578,
            "min": 0.17205103370724578,
            "max": 0.17205103370724578,
            "count": 1
        },
        "Behavior_K.Losses.ValueLoss.sum": {
            "value": 1.8925613707797035,
            "min": 1.8925613707797035,
            "max": 1.8925613707797035,
            "count": 1
        },
        "Behavior_K.Policy.LearningRate.mean": {
            "value": 0.000296971364645909,
            "min": 0.000296971364645909,
            "max": 0.000296971364645909,
            "count": 1
        },
        "Behavior_K.Policy.LearningRate.sum": {
            "value": 0.003266685011104999,
            "min": 0.003266685011104999,
            "max": 0.003266685011104999,
            "count": 1
        },
        "Behavior_K.Policy.Epsilon.mean": {
            "value": 0.19899045454545458,
            "min": 0.19899045454545458,
            "max": 0.19899045454545458,
            "count": 1
        },
        "Behavior_K.Policy.Epsilon.sum": {
            "value": 2.1888950000000005,
            "min": 2.1888950000000005,
            "max": 2.1888950000000005,
            "count": 1
        },
        "Behavior_K.Policy.Beta.mean": {
            "value": 0.019798191863636364,
            "min": 0.019798191863636364,
            "max": 0.019798191863636364,
            "count": 1
        },
        "Behavior_K.Policy.Beta.sum": {
            "value": 0.2177801105,
            "min": 0.2177801105,
            "max": 0.2177801105,
            "count": 1
        },
        "Behavior_K.IsTraining.mean": {
            "value": 1.0,
            "min": 1.0,
            "max": 1.0,
            "count": 1
        },
        "Behavior_K.IsTraining.sum": {
            "value": 1.0,
            "min": 1.0,
            "max": 1.0,
            "count": 1
        },
        "Behavior_G.Policy.Entropy.mean": {
            "value": 1.4278920888900757,
            "min": 1.4278920888900757,
            "max": 1.4278920888900757,
            "count": 1
        },
        "Behavior_G.Policy.Entropy.sum": {
            "value": 29593.0625,
            "min": 29593.0625,
            "max": 29593.0625,
            "count": 1
        },
        "Behavior_G.Step.mean": {
            "value": 19725.0,
            "min": 19725.0,
            "max": 19725.0,
            "count": 1
        },
        "Behavior_G.Step.sum": {
            "value": 19725.0,
            "min": 19725.0,
            "max": 19725.0,
            "count": 1
        },
        "Behavior_G.Policy.ExtrinsicValueEstimate.mean": {
            "value": -0.26086220145225525,
            "min": -0.26086220145225525,
            "max": -0.26086220145225525,
            "count": 1
        },
        "Behavior_G.Policy.ExtrinsicValueEstimate.sum": {
            "value": -5.999830722808838,
            "min": -5.999830722808838,
            "max": -5.999830722808838,
            "count": 1
        },
        "Behavior_G.Environment.EpisodeLength.mean": {
            "value": 1871.5,
            "min": 1871.5,
            "max": 1871.5,
            "count": 1
        },
        "Behavior_G.Environment.EpisodeLength.sum": {
            "value": 18715.0,
            "min": 18715.0,
            "max": 18715.0,
            "count": 1
        },
        "Behavior_G.Environment.CumulativeReward.mean": {
            "value": -6.0,
            "min": -6.0,
            "max": -6.0,
            "count": 1
        },
        "Behavior_G.Environment.CumulativeReward.sum": {
            "value": -60.0,
            "min": -60.0,
            "max": -60.0,
            "count": 1
        },
        "Behavior_G.Policy.ExtrinsicReward.mean": {
            "value": -6.0,
            "min": -6.0,
            "max": -6.0,
            "count": 1
        },
        "Behavior_G.Policy.ExtrinsicReward.sum": {
            "value": -60.0,
            "min": -60.0,
            "max": -60.0,
            "count": 1
        },
        "Behavior_G.Losses.PolicyLoss.mean": {
            "value": 0.06619152646764653,
            "min": 0.06619152646764653,
            "max": 0.06619152646764653,
            "count": 1
        },
        "Behavior_G.Losses.PolicyLoss.sum": {
            "value": 0.7281067911441118,
            "min": 0.7281067911441118,
            "max": 0.7281067911441118,
            "count": 1
        },
        "Behavior_G.Losses.ValueLoss.mean": {
            "value": 0.16403018257186142,
            "min": 0.16403018257186142,
            "max": 0.16403018257186142,
            "count": 1
        },
        "Behavior_G.Losses.ValueLoss.sum": {
            "value": 1.8043320082904755,
            "min": 1.8043320082904755,
            "max": 1.8043320082904755,
            "count": 1
        },